POP,Fan 1,Fan 2,Fan 3,Fan 4
BDGP072,58,50,50,0
BDGP109,54,55,55,0
BDGP073,58,50,50,0
BDGP065,49,50,50,0
BDGP093,46,46,46,0
AGGP051,50,49,50,0
AGGP015,58,89,64,0
AGGP004,48,48,48,0
AGGP056,48,48,48,0
BDGP047,44,44,44,0
AGGP012,54,55,48,0
BDGP094,48,48,48,48
BDGP063,50,57,50,0
AGGP008,52,50,49,0
BDGP079,50,50,50,0
AGGP006,52,56,52,0
AGGP005,51,51,48,0
AGGP053,52,51,49,0
AGGP017,48,49,48,0
AGGP019,51,50,49,0
AGGP022,48,48,56,0
AGGP045,50,50,50,0
AGGP044,51,49,50,0
BDGP066,50,50,50,0
BDGP085,47,47,47,0
AGGP021,47,46,49,0
BDGP068,0,0,50,0
AGGP020,48,49,50,0
AGGP048,58,59,61,0
BDGP080,48,48,48,0
BDGP096,49,49,49,0
AGGP050,50,50,49,0
BDGP088,50,50,50,0
BDGP039,48,58,48,0
BDGP050,0,0,49,0
AGGP052,0,0,0,0
AGGP026,50,50,50,0
AGGP054,48,48,48,0
AGGP043,56,60,59,0
AGGP023,50,49,49,0
BDGP026,56,57,56,0
BDGP060,49,50,50,0
AGGP049,48,48,48,0
AGGP010,48,48,48,0
BDGP009,48,48,49,0
BDGP091,41,42,42,0
BDGP054,0,0,50,0
AGGP018,60,61,62,0
BDGP062,0,0,0,0
BDGP045,48,48,48,0
BDGP081,44,44,44,0
BDGP078,56,49,57,0
BDGP100,48,48,48,0
BDHP019,50,50,49,0
BDGP083,0,0,50,0
BDHP038,48,48,10,0
BDHP043,0,0,0,0
BDGP076,41,40,40,0
BDGP097,0,49,49,0
BDGP101,0,0,49,0
BDHP041,52,51,51,52
BDHP049,0,0,0,0
BDGP057,49,49,49,0
BLUP012,48,49,49,0
BDGP046,51,50,49,0
BDHP027,50,50,50,0
BDGP070,48,49,49,0
BLUP006,54,69,53,0
BLUP002,48,48,48,0
BDGP106,0,0,49,0
BDHP036,0,0,0,0
BDGP059,52,48,50,0
BDHP028,51,49,54,0
BDHP025,57,59,58,0
BDGP098,49,51,49,0
BDHP033,47,47,47,0
BDHP048,48,48,48,0
BDGP041,63,49,63,63
BDHP034,49,49,50,0
BDHP026,50,50,49,0
BDGP034,0,0,51,0
BDGP095,46,46,46,0
BDHP029,49,49,46,0
BDGP067,0,0,51,0
BDHP040,53,53,51,0
BDHP032,54,54,54,0
BDGP092,52,53,48,0
BDHP035,56,55,56,0
BDHP030,47,48,48,0
BDGP004,56,51,54,0
BDGP069,50,50,50,0
BDHP020,50,48,48,0
BDHP047,0,0,0,0
BDHP042,48,49,48,0
BDGP086,46,47,47,0
BDHP039,47,47,46,0
BDHP037,0,0,0,0
BDHP031,48,47,46,0
BLUP009,57,48,57,0
BLUP010,56,57,58,0
BRUP063,49,48,49,0
BRUP038,49,48,48,0
BRUP006,48,48,48,0
BPCP003,47,47,47,0
BRUP015,55,55,54,0
BRUP016,49,57,49,0
BRUP010,48,48,48,0
BRUP050,61,65,64,0
BRUP074,48,58,48,0
BRUP052,48,48,48,0
BRUP040,47,46,58,58
BRUP090,48,49,48,0
BRUP049,48,49,48,0
BRUP057,73,73,73,0
BRUP059,57,58,57,0
BRUP011,49,49,49,0
BRUP062,50,49,50,0
BRUP041,47,50,50,0
BRUP007,49,49,49,0
BRUP051,57,56,57,0
BRUP019,48,49,48,0
BRUP072,50,50,58,0
BRUP017,49,49,50,0
BLUP004,48,48,48,0
BRUP009,57,56,57,0
BRUP054,50,50,50,0
BRUP067,55,55,56,0
BRUP048,58,50,50,0
BRUP058,48,48,48,0
BRUP024,57,58,57,0
BRUP055,49,48,49,0
BRUP060,49,49,49,0
BRUP034,0,0,0,0
BRUP037,48,46,55,0
BRUP089,48,48,48,0
BRUP005,48,48,79,0
BRUP056,50,50,50,0
BRUP080,48,48,48,0
BRUP046,49,50,49,0
BRUP018,63,63,64,0
BRUP033,48,60,48,0
BRUP053,48,48,48,0
BRUP004,50,48,50,0
BRUP073,49,48,49,0
BRUP079,48,48,48,0
BPCP002,48,49,48,0
BRUP012,49,48,48,0
BRUP065,53,49,54,0
BRUP071,48,48,48,48
BPCP004,49,49,49,0
BTEP022,49,49,49,0
BRUP083,62,65,62,0
BRUP087,50,50,50,0
BTEP025,48,48,49,0
BTEP028,49,48,48,0
BTEP020,50,50,50,0
BTEP026,56,55,49,0
BTEP016,49,47,48,0
HCMP104,51,51,51,0
HCMP538,74,74,73,0
HCMP677,45,46,48,0
HCMP103,45,45,44,0
BRUP085,42,42,46,0
HCMP042,43,48,48,0
HCMP613,49,50,50,0
BTEP023,48,48,48,0
BTEP027,48,48,49,0
BTEP019,49,49,49,0
HCMP621,56,56,56,0
HCMP700,58,15,58,0
HCMP691,56,56,57,0
HCMP090,39,43,47,0
HCMP011,48,47,48,0
BRUP081,49,49,49,0
BTEP011,51,51,52,0
BTEP002,48,52,52,0
HCMP645,49,48,49,0
BTEP015,47,47,46,0
HCMP018,0,0,0,0
HCMP068,48,48,49,0
HCMP107,48,49,49,0
BRUP075,48,48,48,0
HCMP007,48,48,48,0
HCMP034,42,42,42,0
HCMP444,48,48,48,0
BRUP078,51,48,49,0
BRUP068,53,62,52,0
BTEP012,50,50,50,0
BRUP070,44,44,45,0
HCMP709,56,57,56,0
BRUP069,49,45,59,0
HCMP075,51,51,51,0
HCMP456,48,48,48,0
BTEP009,49,49,49,0
BTEP017,51,50,51,0
HCMP692,74,74,73,0
BTEP024,49,48,48,0
HCMP676,70,71,71,0
HCMP474,55,55,56,0
BRUP082,48,48,49,0
HCMP464,0,0,0,0
HCMP507,49,48,48,0
HCMP517,52,51,54,0
HCMP553,48,48,48,0
HCMP212,44,42,45,0
HCMP591,40,44,44,0
HCMP514,0,50,49,0
HCMP501,49,54,48,0
HCMP607,50,50,0,0
HCMP062,49,49,49,0
HCMP588,47,48,47,0
HCMP601,52,54,52,0
HCMP573,41,41,40,0
HCMP580,48,48,48,0
HCMP550,51,52,49,0
HCMP502,49,49,49,0
HCMP577,48,49,48,0
HCMP391,45,47,47,0
HCMP612,48,49,47,0
HCMP513,47,24,51,0
HCMP443,63,56,63,0
HCMP471,49,50,48,0
HCMP045,48,49,49,0
HCMP448,50,50,50,0
HCMP619,52,54,52,0
HCMP436,49,51,51,0
HCMP552,50,50,51,0
HCMP611,49,49,49,0
HCMP468,49,49,49,0
HCMP529,41,40,39,0
HCMP657,48,48,48,0
HCMP648,53,48,49,0
HCMP462,48,48,49,0
HCMP463,55,41,37,0
HCMP585,50,50,50,0
HCMP453,47,46,48,0
HCMP434,47,47,46,0
HCMP118,35,49,34,0
HCMP512,50,33,50,0
HCMP540,41,42,45,0
HCMP563,51,50,50,0
HCMP571,40,50,42,0
HCMP472,47,48,46,0
HCMP504,41,48,49,0
HCMP575,49,49,49,0
HCMP541,48,49,48,0
HCMP649,53,54,49,0
HCMP503,49,41,49,0
HCMP419,47,46,44,0
HCMP551,46,41,43,0
HCMP547,0,0,0,0
HCMP500,48,48,50,0
HCMP596,63,58,59,0
HCMP178,50,50,50,0
HCMP620,51,52,52,0
HCMP053,48,49,48,0
HCMP661,49,48,48,0
HCMP535,47,47,47,0
HCMP051,50,49,50,0
HCMP632,48,49,53,0
HCMP067,45,45,47,0
HCMP494,51,51,51,0
HCMP545,0,0,0,0
HCMP554,41,42,42,0
HCMP598,45,39,43,0
HCMP584,50,50,50,0
HCMP484,49,49,48,0
HCMP530,47,47,47,0
HCMP480,47,48,48,0
HCMP458,48,49,48,0
HCMP525,47,48,48,0
HCMP633,55,53,52,0
HCMP605,51,50,51,0
HCMP485,46,47,50,0
HCMP699,50,50,50,0
HCMP564,0,0,0,0
HCMP452,44,45,44,0
HCMP532,46,47,47,0
HCMP528,52,51,50,0
HCMP537,49,48,49,0
HCMP489,49,49,49,0
HCMP631,49,49,49,0
HCMP482,51,49,50,0
HCMP527,49,50,50,0
HCMP466,48,48,48,0
HCMP035,49,50,49,0
HCMP404,49,49,47,0
HCMP536,44,43,43,0
HCMP651,48,48,48,0
HCMP558,48,50,49,0
HCMP533,46,47,47,0
HCMP682,0,48,48,0
HCMP486,47,42,45,45
HCMP556,51,50,50,0
HCMP599,64,48,48,0
HCMP520,51,51,51,0
HCMP522,48,49,48,0
HCMP606,49,50,49,0
HCMP574,53,51,52,0
HCMP523,54,53,53,0
CMUP016,0,0,0,0
HCMP610,50,50,50,0
CTOP036,48,47,47,0
BTNP043,53,38,41,0
BTNP006,56,89,57,0
BTNP045,53,50,49,0
HCMP681,56,51,53,0
BTNP008,49,49,49,0
BTNP023,54,39,53,0
BTNP011,49,54,49,0
BTNP010,57,58,57,0
HCMP644,49,51,50,0
CMUP004,48,49,48,0
CMUP008,48,48,48,0
BTNP018,51,48,47,0
BTNP031,53,48,52,0
BTNP046,52,49,48,0
BTNP012,49,49,49,0
BTNP052,48,49,48,0
CMUP028,42,42,37,0
CMUP029,57,57,57,0
BTNP034,0,0,0,0
BTNP017,49,50,50,0
BTNP044,54,56,48,0
BTNP001,48,48,49,0
BTNP003,50,50,49,0
BTNP019,57,57,58,0
CTOP009,57,58,57,0
CMUP030,49,49,49,0
BTNP007,49,48,49,0
CMUP013,49,48,49,0
BTNP047,49,49,50,0
BTNP009,56,55,56,0
BTNP048,28,28,27,0
BTNP030,64,57,48,0
HCMP609,50,50,51,0
BTNP016,49,48,48,0
HCMP697,56,57,56,0
HCMP635,49,49,48,0
HCMP655,47,44,47,0
BTNP042,48,48,50,0
BTNP032,55,60,51,0
BTNP050,48,52,51,0
CMUP002,49,48,48,0
BTNP002,51,49,54,0
BTNP014,53,51,53,0
BTNP020,47,48,48,0
HCMP624,50,50,50,0
CTOP049,57,57,56,0
CMUP027,48,48,49,0
DNGP103,48,48,49,0
CTOP065,50,50,50,0
DLKP023,50,50,50,0
DNGP051,51,51,57,0
CTOP070,0,0,0,0
DLKP009,47,47,47,0
CTOP059,48,51,49,0
CTOP034,56,47,49,0
CTOP068,47,48,47,0
DNGP135,43,43,43,0
DLKP024,49,56,49,0
DLKP006,48,48,48,0
DNGP138,48,48,48,0
DNGP107,51,51,50,0
DLKP001,75,74,73,0
DLKP027,53,76,54,0
CTOP040,48,49,48,0
DLKP029,49,49,49,0
DLKP020,47,44,77,0
DLKP026,48,49,50,0
CTOP061,49,49,48,0
CTOP050,67,45,69,0
DNGP142,48,49,48,0
DLKP019,49,48,49,0
CTOP017,49,49,48,0
CTOP042,49,52,53,0
DNGP146,48,49,48,49
DNGP151,48,49,49,0
DLKP032,44,44,44,0
CTOP060,96,57,63,0
CTOP063,49,50,49,0
DLKP030,48,78,48,0
DLKP025,49,48,49,0
CTOP057,52,51,53,0
DNGP145,49,49,48,0
DNGP120,0,0,0,0
CTOP037,48,58,47,0
DLKP034,49,49,49,0
CTOP071,52,49,50,0
DNGP159,54,54,55,0
CTOP041,46,45,78,0
DNGP105,50,49,48,0
DNGP150,50,51,50,0
DLKP033,48,48,48,0
DNGP137,48,48,48,0
CTOP067,49,48,49,0
CTOP047,48,53,51,0
CTOP023,50,44,48,0
DLKP031,0,0,0,0
DLKP035,46,47,75,0
DNIP103,0,0,0,0
DNGP123,46,49,47,0
DNIP079,56,50,50,0
DNIP092,48,48,48,48
DNGP111,61,64,65,0
DNIP122,48,48,49,0
DNIP037,0,0,0,0
DNGP134,51,51,51,0
DNIB005,50,48,58,0
DNGP154,50,54,48,0
DNIP022,0,0,0,0
DNGP144,47,47,47,0
DNGP115,48,48,48,0
DNGP147,59,62,61,59
DNGP092,48,49,48,0
DNGP113,52,48,48,0
DNIP078,50,50,50,0
DNIP049,47,50,49,0
DNIP096,48,48,48,0
DNIP087,50,50,50,0
DNIP099,49,48,48,0
DNIP068,48,48,48,0
DNIB007,36,35,36,0
DNGP148,47,47,51,0
DNIP091,54,54,54,0
DNIP081,0,0,0,0
DNGP110,50,49,50,0
DNIP008,48,48,48,0
DNIP027,50,50,50,0
DNGP152,52,50,48,0
DNIP082,48,48,48,0
DNGP130,48,48,61,0
DNIP083,49,48,48,0
DNGP143,0,0,0,0
DNGP018,48,48,48,0
DNIP121,73,73,73,0
DNIP066,55,55,57,0
DNGP019,48,48,48,0
DNIP044,45,54,45,0
DNGP153,58,52,50,0
DNIP090,75,74,75,0
DNGP156,48,49,48,0
DNIP072,48,48,48,0
DNIP033,42,42,42,0
DNGP141,46,48,47,0
DNGP108,50,50,49,0
DNIP108,50,50,50,0
DNIP080,49,49,48,0
DNIP093,50,50,50,0
DNIP076,55,55,55,0
GLIP037,0,0,0,0
DNIP100,0,0,0,0
DNIP020,49,48,48,0
DNIP062,66,64,88,0
DTPP025,51,47,51,0
DNIP128,58,57,56,0
GLIP042,47,48,57,0
GLIP014,48,48,79,0
DNIP110,51,51,51,0
DNIP125,46,46,45,0
DTPP016,46,46,46,0
GLIP036,59,48,46,0
DTPP014,52,51,50,0
DNIP132,49,49,47,0
DNIP070,51,52,51,0
DNIP060,49,48,49,0
DNIP063,49,51,50,0
DNIP109,49,48,50,0
DNIP133,51,50,49,0
DNIB006,48,48,48,48
DTPP026,52,49,54,0
DTPP023,50,51,48,0
DNIP018,5,49,49,0
DNIP106,48,50,48,0
DNIP025,49,49,49,0
DTPP009,49,50,50,0
DNIP129,47,47,46,0
DTPP020,49,50,50,0
GLIP040,49,48,48,0
DNIP053,49,49,49,0
DNIP134,48,48,48,0
GLIP038,49,49,49,0
DTPP022,49,50,47,0
DNIP127,49,48,48,0
DNIP126,49,49,49,0
GLIP028,50,49,49,0
DTPP019,50,50,50,0
DTPP027,47,47,47,0
GLIP041,48,48,48,0
DNIP105,50,50,50,0
DNIP039,48,48,48,0
GLIP035,48,49,48,0
DNIP030,49,50,51,0
DNIP055,48,49,48,0
DNIP050,49,50,49,0
DNIP088,55,52,51,0
DNIP064,68,83,65,0
DNIP130,56,61,47,0
GLIP034,48,48,48,0
GLIP027,50,50,50,0
HUEP118,0,0,0,0
HUEP087,0,0,0,0
HUEP102,0,0,0,0
HGGP017,44,52,44,0
HUEP096,66,62,48,0
HGGP016,49,49,49,0
HUEP114,50,51,50,0
HGGP015,50,49,50,0
HUEP098,49,49,47,0
HUEP134,50,50,49,0
HUEP136,0,0,0,0
HUEP028,0,0,0,0
HUEP120,50,50,50,0
HGGP003,0,0,0,0
HUEP135,51,51,51,0
HUEP100,60,56,56,0
HUEP133,49,49,48,0
HUEP089,50,50,50,0
GLIP015,48,48,48,0
HGGP013,51,50,50,0
HUEP091,0,0,0,0
HUEP002,48,48,48,0
HUEP031,0,0,0,0
HGGP006,49,48,49,0
HUEP122,50,49,50,0
HUEP113,0,0,0,0
HGGP018,49,49,49,0
HUEP107,48,48,50,0
HUEP108,57,53,63,0
HGGP007,48,48,48,0
HGGP004,49,49,48,0
HUEP099,0,0,0,0
GLIP033,48,49,48,0
HGGP012,58,58,57,0
HUEP137,0,0,0,0
HUEP131,50,50,49,0
HUEP117,49,49,49,0
HUEP006,47,47,47,0
HUEP110,0,0,0,0
HUEP121,0,0,0,0
HUEP105,50,48,48,0
HGGP014,50,50,50,0
GLIP026,48,49,48,0
GLIP032,49,49,48,0
HUEP139,47,47,56,0
HUEP126,0,0,0,0
HGGP010,49,49,49,0
HUEP090,49,49,49,0
HGGP008,49,49,48,0
HUEP027,0,0,0,0
LDGP045,0,0,0,0
LDGP002,0,0,0,0
LDGP034,0,0,0,0
KTMP007,57,55,56,0
KGGP023,73,73,49,0
KGGP015,49,48,48,0
LDGP053,0,0,0,0
LANP036,56,55,52,0
LANP023,46,46,46,0
LANP012,44,50,49,0
LDGP061,0,0,0,0
KGGP010,49,48,48,0
KGGP011,48,48,48,0
KTMP020,50,50,50,0
LANP039,48,47,47,0
LANP022,48,47,57,0
KGGP016,48,48,48,0
KTMP006,48,47,47,0
KGGP007,48,49,48,0
LDGP064,0,0,0,0
LANP021,46,65,47,0
LANP024,48,48,45,0
LDGP048,0,0,0,0
LDGP046,0,0,0,0
LDGP057,0,0,0,0
KGGP017,76,77,48,0
KGGP009,49,48,49,0
KGGP032,48,48,49,0
LDGP033,0,0,0,0
HUEP111,49,50,50,0
LDGP052,46,44,46,0
KGGP019,49,48,48,0
KGGP006,80,48,48,0
LDGP032,0,0,0,0
KTMP019,49,56,48,0
LDGP031,0,0,0,0
KGGP008,48,48,48,0
KTMP008,48,49,49,0
LANP010,48,50,51,0
LDGP039,0,0,0,0
LDGP038,0,0,0,0
LDGP030,0,0,0,0
LDGP037,0,0,0,0
LDGP001,0,0,0,0
LANP013,49,49,49,0
KGGP004,48,48,49,0
LANP034,50,50,50,0
LDGP054,0,0,0,0
LDGP047,0,0,0,0
LANP038,49,49,49,0
NTGP059,50,0,50,0
NTGP016,55,56,55,0
LDGP050,0,0,0,0
NTGP064,47,47,47,0
LDGP027,0,0,0,0
LDGP005,0,0,0,0
NTGP021,48,48,48,0
LDGP035,0,0,0,0
LDGP036,0,0,0,0
NTGP006,48,48,49,0
NTGP046,47,46,48,0
NTGP048,49,49,49,0
NTGP065,5,48,49,0
NTGP052,50,50,50,0
NTGP007,75,46,46,0
LDGP063,0,0,0,0
NTGP062,49,49,49,0
NTGP020,48,50,51,0
NTGP068,56,55,56,0
NTGP004,34,49,48,0
NTNP013,48,45,49,0
NTGP061,47,47,47,0
NTGP017,48,53,49,0
NTGP060,58,65,55,0
NTGP043,49,50,50,0
NTGP011,48,48,48,0
NTGP063,50,50,50,0
NTGP044,49,50,49,0
NTGP054,58,49,48,0
NTGP003,49,54,59,0
NTGP018,51,56,53,0
LDGP062,0,0,0,0
NTGP025,48,48,49,0
NTGP027,55,56,54,0
NTGP067,49,48,48,0
NTGP014,0,0,0,0
NTGP024,0,0,0,0
NTGP031,0,0,0,0
NTGP026,0,0,0,0
NTGP010,38,38,38,0
NTGP058,51,52,51,0
NTGP041,49,49,49,0
NTGP029,46,46,46,0
LDGP043,0,0,0,0
NTGP023,0,0,0,0
NTGP053,0,0,0,0
NTGP015,0,0,0,0
NTGP012,47,48,48,0
NTGP019,0,0,0,0
NTGP002,49,48,49,0
NTNP025,49,49,49,0
QNMP029,47,50,47,0
NTNP019,49,50,49,0
NTNP030,0,0,0,0
QNMP046,49,48,48,0
PYNP013,56,55,55,0
NTNP017,51,51,51,0
NTNP012,52,49,48,0
QNMP026,50,50,50,0
QTIP015,0,0,0,0
PYNP015,54,54,53,0
QTIP022,0,0,0,0
QNMP037,49,49,50,0
QBHP020,0,0,0,0
PYNP020,54,54,54,0
STGP031,49,48,48,0
QNMP045,49,6,49,0
NTNP010,0,0,0,0
QNMP032,50,50,50,0
QNIP017,0,0,0,0
QTIP020,50,49,51,0
STGP006,0,0,0,0
QBHP017,0,0,0,0
QBHP022,45,45,51,0
STGP030,0,0,0,0
PYNP023,47,47,48,0
PYNP014,0,0,0,0
QTIP019,51,50,51,0
PYNP019,48,50,48,0
QNMP050,48,49,48,0
PYNP016,56,55,55,0
QNMP024,50,50,50,0
NTNP026,0,0,0,0
QNIP022,0,0,0,0
QBHP018,48,48,48,48
QTIP021,0,0,0,0
NTNP022,50,50,51,0
QNMP041,0,0,0,0
QBHP016,48,48,48,0
QNIP028,0,0,0,0
QNIP009,50,51,50,0
QNIP019,50,50,51,0
QBHP021,46,46,46,0
QNIP011,0,0,0,0
QNIP018,48,47,48,0
QBHP023,0,0,0,0
QNIP023,0,0,0,0
NTNP021,50,50,50,0
QNMP065,0,0,0,0
NTNP024,49,50,50,0
STGP036,0,0,0,0
TNHP038,48,48,48,0
STGP039,59,56,70,0
TGGP030,57,59,57,0
STGP043,66,68,61,0
TNHP029,82,66,58,0
STGP046,42,42,42,0
TVHP008,50,48,50,0
TVHP007,50,48,50,0
STGP038,63,61,61,0
VLGP037,48,48,48,0
TVHP006,50,50,50,0
TVHP012,48,48,49,0
TGGP025,50,62,52,0
STGP019,58,57,55,0
TNHP033,48,48,48,0
TNHP026,61,64,65,0
TGGP006,49,48,49,0
TGGP009,56,48,48,0
STGP039,59,56,70,0
TNHP044,49,49,60,0
TNHP039,49,48,48,0
TGGP029,51,51,51,0
TNHP007,48,49,48,0
TNHP037,61,48,58,0
TVHP004,48,47,48,0
TGGP001,0,0,0,0
TGGP027,49,49,47,0
VLGP036,49,48,48,0
TNHP018,58,58,78,0
VLGP003,48,48,48,0
TGGP018,8,47,47,0
TNHP027,48,48,48,0
TGGP019,0,0,0,0
TGGP011,55,55,55,0
TGGP028,50,49,51,0
STGP023,66,68,61,0
TGGP008,42,42,42,0
STGP028,53,54,53,0
TVHP003,57,57,57,0
TGGP003,48,48,6,0
TVHP002,49,49,49,0
TNHP036,48,48,48,0
STGP032,49,48,49,0
TNHP035,47,76,48,0
TNHP021,50,52,50,0
VLGP027,49,49,48,0
TGGP031,48,48,48,0
TNHP031,48,48,48,0
TGGP024,50,50,50,0
HNIP425,0,0,0,0
HNIP649,0,0,0,0
HNIP762,0,0,0,0
BGGP077,0,0,0,0
TQGP004,0,0,0,0
OPMS_LA,0,0,0,0
AGGP041,59,60,59,0
HNIP595,47,47,47,0
DNIP065,48,48,48,0
HCMP688,49,49,49,0
QNHP045,0,0,0,0
VLGP039,51,51,51,0
LSNP018,0,0,0,0
VLGP004,0,0,0,0
HDGP092,0,0,0,0
BTNP049,49,49,49,0
TBHP042,48,48,49,0
BTNP021,50,48,55,0
VLGP025,51,51,50,0
VLGP031,49,49,49,0
HCMP092,48,49,48,0
NDHP035,48,47,47,0
LANP031,49,55,49,0
VLGP034,48,48,48,0
VLGP026,85,84,87,0
GLIP039,47,48,57,0
VLGP038,57,57,57,0
VLGP033,50,51,49,0
HNIP353,48,48,22,0
HNIP383,48,48,49,0
HCMP572,45,49,40,0
HCMP041,48,48,48,0
HNIP214,47,48,47,0
HCMP539,0,0,0,0
GLIP025,49,48,49,0
VLGP032,48,48,48,0
HDGP043,55,55,54,0
HNIP571,0,0,0,0
QNIP008,0,0,0,0
STGP033,50,100,50,0
QNHP112,0,0,0,0
VLGP030,50,49,49,0
HNIP531,55,57,56,0
HNIP413,49,49,49,0
BTNP005,48,49,53,0
TBHP039,0,0,0,0
QNHP121,0,0,0,0
HPGP059,47,47,47,0
NDHP034,48,49,48,0
HNIP406,49,48,48,0
TBHP018,0,0,0,0
HNIP534,0,0,0,0
QNHP104,0,0,0,0
HNIP656,0,0,0,0
TBHP027,0,0,0,0
HNIP429,0,0,0,0
CTOP066,0,0,0,0
HCMP008,54,53,57,0
BGGP035,55,54,55,0
NTGP008,48,48,48,0
HCMP509,44,44,44,0
QNHP096,49,48,48,0
HNIP694,45,45,45,0
HUEP130,49,50,50,0
NANP072,0,0,0,0
QNHP061,21,48,48,0
NANP077,48,48,48,0
HCMP498,44,44,43,0
HNIP433,0,0,0,0
HNIP497,49,47,48,0
HUEP124,0,51,50,0
YBIP009,0,0,0,0
HCMP684,47,49,50,0
HCMP457,47,48,47,0
LANP011,56,48,48,0
QNHP013,0,0,0,0
HCMP656,49,48,48,0
HNIP757,49,49,49,0
HNIP396,0,0,0,0
LANP005,48,48,48,0
HCMP604,52,52,53,0
HCMP568,49,48,48,0
BGGP032,49,8,49,0
DTPP012,48,48,48,0
LANP030,50,50,50,0
HCMP595,54,47,45,0
HCMP560,55,46,47,0
HCMP566,48,48,48,0
BRUP014,49,48,49,0
HCMP510,48,48,49,0
HCMP712,56,56,57,0
KTMP021,48,47,47,0
HCMP526,47,48,47,0
HCMP630,49,50,50,0
HCMP009,47,50,47,0
HNIP758,48,48,48,0
HCMP548,47,48,48,0
HCMP600,46,49,48,0
BDGP074,50,0,0,0
BRUP064,62,62,15,0
HNIP324,0,0,0,0
QNHP100,0,0,0,0
HNIP189,0,0,0,0
QNHP056,0,0,0,0
QNHP065,49,49,49,0
HCMP710,57,56,55,0
HCMP711,56,56,54,0
HNIP045,0,0,0,0
HGGP019,48,48,57,0
HCMP487,48,47,48,0
HCMP720,57,56,55,0
HCMP694,42,0,42,0
HNIP260,0,0,0,0
HDGP040,20,54,54,0
NTGP034,57,57,57,0
HCMP718,55,56,55,0
QNHP053,47,47,48,0
HNIP739,48,48,48,0
NTGP045,48,48,48,0
HNIP487,48,48,49,0
BRUP086,48,48,48,0
HCMP704,56,56,57,0
HCMP506,0,0,0,0
SLAP001,68,68,68,0
HCMP695,39,39,48,48
HDGP082,0,0,0,0
HCMP717,54,54,54,0
NTGP056,49,49,49,0
HCMP693,56,56,56,0
HCMP654,48,48,48,0
NDHP040,48,47,47,0
HCMP680,56,57,56,0
HNIP420,47,47,47,0
HCMP716,57,56,56,0
HCMP521,57,56,56,0
NTGP066,58,50,50,0
HNIP732,49,48,48,0
HNIP160,0,0,0,0
HNIP578,0,0,0,0
HNIP364,48,48,48,0
STGP024,46,45,45,0
HNIP187,0,0,0,0
SLAP008,75,74,73,0
HNIP128,49,49,48,0
HDGP024,53,52,52,0
HNIP252,47,46,46,0
HNIP492,49,49,49,0
HCMP497,59,38,38,38
HCMP719,56,55,57,0
HCMP106,56,55,56,0
HNIP352,0,0,0,0
test222,0,0,0,0
HNIP467,0,0,0,0
HCMP078,56,55,55,0
HCMP724,0,57,56,0
HCMP518,51,51,50,0
NTGP030,56,55,55,0
KGGP021,48,48,49,0
DNIP089,48,48,48,0
HCMP671,57,56,57,0
NTGP009,0,0,0,0
BRUP001,48,48,49,0
HNIP504,0,7,0,0
DNGP005,48,23,49,0
HCMP714,56,56,55,0
HUEP104,55,55,49,0
KGGP020,48,48,48,0
HCMP725,58,58,57,0
DNGP114,50,50,50,0
HCMP628,50,50,50,0
BTNP054,0,0,0,0
HCMP505,56,56,55,0
BRUP084,48,48,49,0
BRUP020,49,49,49,0
HNIP448,47,48,47,0
BDGP043,0,0,0,0
HNIP444,49,49,57,0
NTGP032,53,57,56,0
HCMP662,42,42,43,0
HCMP271,52,51,52,0
HCMP715,56,58,56,0
HUEP094,0,0,0,0
HNIP505,46,46,46,0
LANP029,57,58,50,0
HNIP508,54,54,53,0
HNIP202,46,47,47,0
TGGP012,50,49,50,0
BNHP007,45,45,45,0
BRUP077,0,0,0,0
HNIP390,48,48,48,0
NTGP022,0,0,0,0
DNGP157,72,72,71,0
HCMP488,47,47,48,0
HCMP476,48,48,48,0
HNIP549,56,56,56,0
HNIP394,45,46,45,0
HNIP445,47,46,46,0
AGGP003,48,51,50,0
BRUP002,0,0,0,0
LDGP055,0,0,0,0
BNHP061,0,0,0,0
HPGP072,0,0,0,0
HNIP098,0,0,0,0
PYNP018,0,0,0,0
MP002MP,0,0,0,0
BNHP039,0,0,0,0
HNIP751,0,0,0,0
HNIP486,50,53,53,0
HCMP730,55,55,56,0
HNIP316,48,48,48,0
DNGP149,39,38,38,0
HCMP638,55,56,56,0
BRUP076,75,75,75,0
HNIP402,48,49,49,0
HNIP403,48,57,48,0
DNGP121,49,49,49,49
HNMP012,52,53,55,0
HCMP683,57,57,50,0
HNIP494,50,51,50,0
DNGP124,47,48,48,0
DNGP140,49,50,50,0
BDHP023,50,50,50,0
DNGP125,50,48,50,0
NTGP069,60,61,61,0
STGP048,56,58,58,0
DKGP001,55,55,55,0
DNGP139,50,50,50,0
CTOP074,49,55,48,0
NTGP071,56,56,55,0
HNIP422,46,46,46,0
HCMP046,49,48,48,0
NTGP051,0,0,0,0
GLIP007,59,59,59,0
NTGP057,59,50,51,0
DNIP048,58,56,57,0
DNGP132,48,47,49,0
DNIP047,0,0,0,0
GLIP001,42,43,43,0
HCMP637,48,48,49,0
HNIP735,44,44,45,0
NTGP070,48,48,43,0
HCMP706,55,54,54,0
HNIP412,55,56,55,0
HNIP246,48,48,48,0
HCMP160,49,49,49,0
TGGP011,55,55,55,0
BDHP055,55,56,56,0
STGP042,79,79,79,0
BNHP035,47,47,47,0
HNIP474,48,48,48,0
HNIP697,0,0,0,0
HNIP753,0,0,0,0
HNIP718,0,0,0,0
HNIP482,0,0,0,0
HNIP470,47,47,47,0
HCMP713,55,55,56,0
QBHP024,0,0,0,0
CTOP056,51,50,50,0
HCMP603,43,43,44,0
HNIP462,54,55,53,0
DNGP129,46,49,46,0
BNHP036,48,47,48,0
HNIP465,77,78,77,0
CTOP038,47,48,58,0
BDGP058,48,49,49,0
BTNP056,58,58,58,0
DNIP040,56,56,56,0
DNGP052,47,47,49,0
DNGP127,50,50,50,0
BDGP064,57,57,57,0
HNIP322,44,44,45,0
HNIP138,49,49,49,0
HNIP726,54,55,54,0
BDHP056,44,45,43,45
DNGP158,0,0,0,0
NTGP028,70,72,71,0
BDGP110,52,53,52,0
DNIP114,56,57,56,0
HCMP549,47,46,46,46
HCMP010,56,56,56,0
HCMP705,56,55,55,0
HPGP101,49,49,49,0
HNIP717,0,0,0,0
BGGP050,0,0,0,0
HNIP532,55,55,56,0
DNIP023,57,57,56,0
HNIP678,43,44,43,0
HNIP733,0,0,0,0
DTPP021,52,53,52,0
BDGP020,55,56,56,0
DBNP002,73,72,72,0
HNIP614,49,49,49,0
HNIP430,48,48,49,0
HNIP754,48,48,48,0
BDGP116,57,56,56,0
BDGP115,57,58,57,0
HNIP742,0,0,0,0
DNGP100,48,49,49,0
HCMP527,61,60,61,0
DKGP002,76,76,76,0
HNIP414,0,0,0,0
HNIP070,0,0,0,0
HNIP258,0,0,0,0
BGGP034,0,0,0,0
TQGP011,0,0,0,0
HNIP389,0,0,0,0
NBHP001,0,0,0,0
AGGP055,49,48,48,0
BDGP114,57,57,56,0
TGGP016,49,49,49,0
TNHP055,52,53,52,0
HNIP217,0,0,0,0
HNIP721,46,46,47,0
HNIP226,49,48,49,0
LDGP003,0,0,0,0
HNIP698,49,48,48,0
LDGP011,0,0,0,0
LANP048,43,44,43,0
BTNP057,57,57,57,0
BDHP059,44,43,44,0
DNIP123,56,56,56,0
HNIP477,54,53,54,0
